{"clock_cycle:unique":3.971091e+06,"time/get_batch":0.21268200874328613,"num_tokens":115311,"dpo_loss":0.6635848879814148,"epoch":1,"rejected_reward":-0.4229792356491089,"time/get_ref_logprobs":8.743129253387451,"time/evals":0.000782012939453125,"progress":0.9929577464788732,"learning_rate":7.042253521126752e-08,"loss:sum":-0.9168682880699635,"state_path":"tinker://6b838746-fcec-5f0a-a581-cd6ad700082c:train:0/weights/000140","time/save_checkpoint":13.288655042648315,"_step":141,"clock_cycle:unique_1":3.971092e+06,"_timestamp":1.765173164988697e+09,"time/infrequent_evals":0.0006039142608642578,"time/total":18.751950979232788,"num_pairs":128,"_wandb":{"runtime":2306},"time/step":9.794915199279785,"chosen_reward":-0.3214566111564636,"accuracy":0.578125,"_runtime":2306.652121791,"margin":0.010152262449264527}