{"num_pairs":128,"time/get_ref_logprobs":6.100949048995972,"time/save_checkpoint":17.585944890975952,"state_path":"tinker://27217922-76c9-55d4-a530-bfa69bc36ef0:train:0/weights/000140","_timestamp":1.7651025649362922e+09,"clock_cycle:unique_1":2.853135e+06,"time/total":18.052664756774902,"chosen_reward":0.11409527063369751,"loss:sum":-4.49300479888916,"time/get_batch":0.2175731658935547,"_step":141,"time/infrequent_evals":0.0005986690521240234,"num_tokens":115311,"accuracy":0.7109375,"time/evals":0.0005571842193603516,"dpo_loss":0.548959493637085,"time/step":11.73251485824585,"rejected_reward":-0.42835643887519836,"margin":0.27122586965560913,"_runtime":2864.320898166,"epoch":1,"clock_cycle:unique":2.853135e+06,"learning_rate":1.4084507042253503e-07,"_wandb":{"runtime":2864},"progress":0.9929577464788732}