{"epoch":1,"state_path":"tinker://cb8d09d1-070f-5c10-9505-31047cb6e152:train:0/weights/000060","_timestamp":1.765102298011424e+09,"_step":69,"margin":0.11561844348907471,"time/get_ref_logprobs":9.58853793144226,"time/get_batch":0.3665900230407715,"clock_cycle:unique_1":3.95426e+06,"time/step":12.639005899429321,"learning_rate":1e-05,"num_pairs":256,"clock_cycle:unique_3":3.954261e+06,"time/total":22.595049142837524,"progress":0.9857142857142858,"time/save_checkpoint":33.3342010974884,"clock_cycle:unique_2":3.95426e+06,"dpo_loss":0.4301580488681793,"rejected_reward":0.42630988359451294,"time/infrequent_evals":0.0002167224884033203,"clock_cycle:unique":3.954259e+06,"num_tokens":195747,"_wandb":{"runtime":1827},"time/evals":0.0007312297821044922,"_runtime":1827.864457667,"chosen_reward":1.5824944972991943,"loss:sum":0.08584192208945751,"accuracy":0.84375}