{"clock_cycle:unique_1":3.971283e+06,"diversity_term":-0.00275386031717062,"mean_alpha":0.4487452805042267,"time/data":0.22901296615600586,"epoch":1,"time/total":263.6605839729309,"_timestamp":1.765173997762646e+09,"time/reference":224.17994379997253,"_step":141,"mean_d_pair":0.2916082441806793,"margin":0.0037466637790203095,"loss:sum":0.5045442208647728,"rejected_reward":0.022896714508533478,"chosen_reward":0.060363348573446274,"num_pairs":128,"progress":0.9929577464788732,"_wandb":{"runtime":44581},"dpo_loss":0.6837281584739685,"time/step":39.25050711631775,"total_loss":0.6864820122718811,"learning_rate":7.042253521126752e-08,"clock_cycle:unique":3.971282e+06,"accuracy":0.609375,"_runtime":44581.713035292,"num_tokens":117776}