{"_step":32,"chosen_reward":0.14398881793022156,"epoch":0,"num_tokens":103057,"margin":0.010311642289161684,"time/infrequent_evals":0.0003662109375,"dpo_loss":0.6475015878677368,"learning_rate":3.030303030303028e-07,"loss:sum":2.007492046803236,"_wandb":{"runtime":501},"rejected_reward":0.040872395038604736,"clock_cycle:unique":3.945637e+06,"time/save_checkpoint":13.385419845581055,"num_pairs":128,"time/total":15.285274028778076,"progress":0.9696969696969697,"_runtime":501.646768834,"accuracy":0.7265625,"_timestamp":1.765073523541934e+09,"clock_cycle:unique_1":3.945638e+06,"time/step":6.677882194519043,"time/evals":0.0005440711975097656,"time/get_ref_logprobs":8.38458514213562,"state_path":"tinker://3a22684c-8521-5fd1-9824-da4fd5936e00:train:0/weights/000020","time/get_batch":0.2186579704284668}