{"time/get_batch":0.18474507331848145,"time/step":8.70299220085144,"accuracy":0.859375,"_wandb":{"runtime":4333},"num_pairs":128,"_timestamp":1.7651367615801091e+09,"loss:sum":0.0012425538152456284,"num_tokens":99965,"margin":0.09699894189834596,"clock_cycle:unique":2.864017e+06,"epoch":1,"time/infrequent_evals":0.0005328655242919922,"time/evals":0.0005178451538085938,"chosen_reward":1.338921308517456,"learning_rate":2.1126760563380255e-07,"dpo_loss":0.45266762375831604,"time/get_ref_logprobs":4.867742300033569,"_runtime":4333.935498792,"clock_cycle:unique_1":2.864018e+06,"state_path":"tinker://a2f99afb-5185-54da-9050-35c74e3689c8:train:0/weights/000120","time/save_checkpoint":12.615242004394531,"time/total":13.757426023483276,"progress":0.9788732394366197,"_step":139,"rejected_reward":0.3689318597316742}