{"clock_cycle:unique_1":3.971165e+06,"accuracy":0.546875,"dpo_loss":0.6797727942466736,"margin":0.004138233885169029,"clock_cycle:unique":3.971164e+06,"state_path":"tinker://a6d8b302-178f-5b73-ba8f-3b2f7acfe842:train:0/weights/000140","_step":141,"time/evals":0.0006289482116699219,"_runtime":2307.661703834,"time/infrequent_evals":0.0005028247833251953,"num_pairs":128,"_timestamp":1.765173368315725e+09,"time/get_batch":0.21790003776550293,"progress":0.9929577464788732,"time/get_ref_logprobs":5.97081184387207,"_wandb":{"runtime":2307},"loss:sum":0.61289616022259,"learning_rate":7.042253521126752e-08,"epoch":1,"time/save_checkpoint":14.905143022537231,"chosen_reward":0.06858301162719727,"time/total":14.521460771560669,"num_tokens":117776,"time/step":8.33107614517212,"rejected_reward":0.02720067650079727}