{"time/evals":0.0007941722869873047,"margin":0.011191098392009735,"state_path":"tinker://a86dac72-becd-530a-999a-bc85d40037de:train:0/weights/000140","progress":0.9929577464788732,"dpo_loss":0.6645489931106567,"learning_rate":7.042253521126752e-08,"epoch":1,"accuracy":0.6015625,"time/total":16.376752138137817,"num_pairs":128,"_wandb":{"runtime":2386},"time/infrequent_evals":0.0005729198455810547,"_step":141,"num_tokens":115311,"clock_cycle:unique_1":2.862617e+06,"time/step":9.942991971969604,"rejected_reward":-0.43865951895713806,"clock_cycle:unique":2.862617e+06,"_timestamp":1.765133029752105e+09,"time/save_checkpoint":11.355172157287598,"_runtime":2386.853259708,"loss:sum":-1.8892659693956375,"chosen_reward":-0.3267485499382019,"time/get_ref_logprobs":6.1708080768585205,"time/get_batch":0.26222777366638184}