{"learning_rate":2.253521126760564e-06,"time/step":58.99714708328247,"margin":0.010150234401226045,"accuracy":0.6328125,"num_tokens":106047,"rejected_reward":-0.3698959946632385,"progress":0.7746478873239436,"_runtime":35455.87238725,"num_pairs":128,"mean_d_pair":0.3206455707550049,"time/data":0.19634389877319336,"loss:sum":1.7752484772354364,"mean_alpha":0.5123016834259033,"epoch":1,"clock_cycle:unique":3.915017e+06,"dpo_loss":0.6530184745788574,"total_loss":0.6535384058952332,"time/total":804.4075500965118,"time/reference":745.2120158672333,"_step":110,"_timestamp":1.765136399792962e+09,"_wandb":{"runtime":35455},"clock_cycle:unique_1":3.915018e+06,"diversity_term":-0.0005199514562264085,"chosen_reward":-0.2683936357498169}