{"time/infrequent_evals":0.00023889541625976562,"epoch":0,"clock_cycle:unique_3":2.839112e+06,"accuracy":0.53515625,"clock_cycle:unique_1":2.839111e+06,"num_pairs":256,"time/save_checkpoint":13.994028091430664,"progress":0.9714285714285714,"time/evals":0.0007376670837402344,"margin":0.003174101561307907,"time/get_ref_logprobs":7.403584003448486,"chosen_reward":0.2018229216337204,"time/get_batch":0.3814890384674072,"dpo_loss":0.6853640675544739,"learning_rate":2.8571428571428585e-07,"time/total":17.61481499671936,"loss:sum":2.0391305182129145,"state_path":"tinker://81e3b369-13e2-5fdc-917a-62ed12a90495:train:0/weights/000020","_runtime":676.038914916,"_timestamp":1.7650476543027241e+09,"time/step":9.826483964920044,"_step":34,"rejected_reward":0.17008191347122192,"clock_cycle:unique":2.83911e+06,"clock_cycle:unique_2":2.839111e+06,"_wandb":{"runtime":676},"num_tokens":218209}