{"dpo_loss":0.4389379322528839,"clock_cycle:unique":2.859959e+06,"_timestamp":1.765126155851326e+09,"diversity_term":-0.0024739056825637817,"time/step":43.24942374229431,"time/data":0.23086309432983398,"margin":0.11258912086486816,"rejected_reward":0.26749294996261597,"epoch":1,"chosen_reward":1.3933842182159424,"clock_cycle:unique_1":2.859961e+06,"time/reference":281.26704120635986,"_wandb":{"runtime":45361},"num_pairs":128,"time/total":324.7490029335022,"loss:sum":-0.6789549458771944,"mean_d_pair":0.3326374590396881,"accuracy":0.84375,"_runtime":45361.354678125,"learning_rate":7.042253521126752e-08,"progress":0.9929577464788732,"total_loss":0.4414118528366089,"num_tokens":109947,"_step":141,"mean_alpha":0.4487452805042267}