{"num_tokens":109947,"chosen_reward":1.4103889465332031,"_wandb":{"runtime":2408},"time/save_checkpoint":13.611675024032593,"time/step":9.855960845947266,"time/get_ref_logprobs":5.787018060684204,"loss:sum":-0.7101336158812046,"_timestamp":1.765168671647406e+09,"_step":141,"time/get_batch":0.2246992588043213,"state_path":"tinker://385a7ca9-96ef-593b-8c90-bb995bbb4578:train:0/weights/000140","accuracy":0.8359375,"learning_rate":7.042253521126752e-08,"margin":0.11263867616653443,"dpo_loss":0.4418242573738098,"time/total":15.869197845458984,"clock_cycle:unique":3.969565e+06,"rejected_reward":0.2840021848678589,"epoch":1,"num_pairs":128,"_runtime":2408.934671917,"time/infrequent_evals":0.0005650520324707031,"progress":0.9929577464788732,"clock_cycle:unique_1":3.969566e+06,"time/evals":0.0006039142608642578}