{"chosen_reward":-0.33831778168678284,"rejected_reward":-0.4407203197479248,"dpo_loss":0.6670868396759033,"_timestamp":1.765013555403734e+09,"epoch":0,"loss:sum":-2.5539132365956903,"time/total":20.409815073013306,"clock_cycle:unique_1":3.929668e+06,"_wandb":{"runtime":716},"state_path":"tinker://9c15fc6f-b2ec-5634-b1fd-b60564d8096f:train:0/weights/000020","progress":0.9714285714285714,"time/get_ref_logprobs":7.482036828994751,"accuracy":0.56640625,"learning_rate":2.8571428571428585e-07,"time/save_checkpoint":14.746822834014893,"time/step":12.559067010879517,"time/evals":0.000518798828125,"num_tokens":203767,"margin":0.010240253061056137,"_step":34,"clock_cycle:unique_2":3.929668e+06,"time/infrequent_evals":0.00024080276489257812,"time/get_batch":0.36707019805908203,"clock_cycle:unique_3":3.929669e+06,"_runtime":716.491652708,"clock_cycle:unique":3.929667e+06,"num_pairs":256}