{"dpo_loss":0.6713297367095947,"_runtime":1897.824672667,"_wandb":{"runtime":1897},"learning_rate":1e-05,"num_tokens":221072,"time/infrequent_evals":0.0002753734588623047,"margin":0.0066337049007415775,"accuracy":0.58984375,"chosen_reward":0.05537994205951691,"_step":51,"num_pairs":256,"time/save_checkpoint":14.79148006439209,"time/get_batch":0.3789072036743164,"clock_cycle:unique_3":3.96295e+06,"progress":0.7285714285714285,"clock_cycle:unique_1":3.962949e+06,"epoch":1,"loss:sum":2.7385208643972874,"time/get_ref_logprobs":11.421714067459106,"time/total":28.84129309654236,"time/step":17.03832721710205,"clock_cycle:unique":3.962948e+06,"state_path":"tinker://e993695a-ea16-51e8-a570-712c744ea0aa:train:0/weights/000040","rejected_reward":-0.010957108810544014,"clock_cycle:unique_2":3.962949e+06,"_timestamp":1.765136761671225e+09,"time/evals":0.0007371902465820312}