{"_wandb":{"runtime":1330},"learning_rate":1.515151515151514e-07,"dpo_loss":0.6191172003746033,"accuracy":0.6796875,"time/save_checkpoint":25.334609031677246,"rejected_reward":-0.8072643280029297,"progress":0.9848484848484849,"clock_cycle:unique_1":3.953823e+06,"time/evals":0.00043702125549316406,"_runtime":1330.630542541,"time/infrequent_evals":0.0003960132598876953,"time/total":12.851181983947754,"num_pairs":128,"margin":0.020493072271347047,"chosen_reward":-0.6023335456848145,"epoch":1,"num_tokens":99028,"time/get_ref_logprobs":4.539602041244507,"_step":65,"time/get_batch":0.19019603729248047,"time/step":8.12061595916748,"loss:sum":-2.4150474295020103,"_timestamp":1.765101492716863e+09,"state_path":"tinker://7e353b38-6065-54ca-8565-692cfbd50aec:train:0/weights/000060","clock_cycle:unique":3.953822e+06}