{"time/evals":0.0009121894836425781,"_wandb":{"runtime":2223},"dpo_loss":0.689520537853241,"clock_cycle:unique_3":2.839804e+06,"margin":0.002517119795084,"time/infrequent_evals":0.0002639293670654297,"clock_cycle:unique":2.839803e+06,"state_path":"tinker://08f050b2-dcad-5b65-9377-bef0bfca4079:train:0/weights/000060","time/save_checkpoint":17.947200059890747,"epoch":1,"num_pairs":256,"_step":69,"time/get_ref_logprobs":6.293763160705566,"progress":0.9857142857142858,"time/get_batch":0.5225913524627686,"clock_cycle:unique_1":2.839803e+06,"_timestamp":1.765051453789578e+09,"_runtime":2223.464281958,"time/total":18.73008918762207,"clock_cycle:unique_2":2.839804e+06,"time/step":11.911948919296265,"rejected_reward":0.10295417904853821,"learning_rate":1.4285714285714237e-07,"accuracy":0.5703125,"num_tokens":207678,"chosen_reward":0.1281253695487976,"loss:sum":-0.7586711868643761}