{"time/total":17.074544191360474,"clock_cycle:unique_1":3.954312e+06,"_runtime":1665.918016416,"learning_rate":1.4285714285714235e-08,"margin":0.001878003776073456,"clock_cycle:unique":3.954311e+06,"epoch":1,"time/get_ref_logprobs":6.219332933425903,"progress":0.9857142857142858,"time/get_batch":0.3802368640899658,"time/infrequent_evals":0.00024700164794921875,"dpo_loss":0.6862329244613647,"clock_cycle:unique_2":3.954312e+06,"clock_cycle:unique_3":3.954313e+06,"_wandb":{"runtime":1665},"_timestamp":1.765102403435074e+09,"chosen_reward":0.04369860887527466,"num_pairs":256,"time/step":10.472853183746338,"loss:sum":0.40826002694666386,"time/evals":0.0004911422729492188,"_step":69,"rejected_reward":0.0249185711145401,"accuracy":0.53515625,"state_path":"tinker://285a40ac-b474-50a8-bab7-2a2ee10332d1:train:0/weights/000060","num_tokens":207678,"time/save_checkpoint":33.396026849746704}