{"state_path":"tinker://8a777d37-3877-5c5c-87ae-5f3bb95250d7:train:0/weights/000060","time/evals":0.0006439685821533203,"num_pairs":128,"loss:sum":0.8744084015488625,"num_tokens":97381,"epoch":1,"accuracy":0.71875,"progress":0.9848484848484849,"_runtime":1273.085431375,"time/get_batch":0.192673921585083,"time/save_checkpoint":10.977582931518555,"_timestamp":1.765101306050852e+09,"margin":0.021987536549568178,"clock_cycle:unique_1":3.953698e+06,"time/get_ref_logprobs":4.830840110778809,"time/infrequent_evals":0.0002219676971435547,"_wandb":{"runtime":1273},"time/total":15.474605083465576,"rejected_reward":0.1681341975927353,"_step":65,"time/step":10.450275897979736,"learning_rate":1.515151515151514e-07,"chosen_reward":0.38800957798957825,"dpo_loss":0.6067911386489868,"clock_cycle:unique":3.953696e+06}