{"rejected_reward":0.5246360301971436,"time/infrequent_evals":0.00047516822814941406,"time/save_checkpoint":14.770812749862671,"progress":0.9714285714285714,"_runtime":673.720259,"_timestamp":1.7650151946588109e+09,"time/step":9.448481798171997,"time/total":17.112895011901855,"chosen_reward":0.9046845436096191,"state_path":"tinker://90d67eaf-89d8-54f6-a0ae-d04656d334c4:train:0/weights/000020","time/get_ref_logprobs":7.304999351501465,"time/evals":0.0004611015319824219,"learning_rate":2.8571428571428585e-07,"num_tokens":195487,"_wandb":{"runtime":673},"margin":0.03800484538078308,"clock_cycle:unique_2":5.261405e+06,"accuracy":0.72265625,"clock_cycle:unique_1":5.261404e+06,"clock_cycle:unique_3":5.261405e+06,"num_pairs":256,"dpo_loss":0.5951032042503357,"epoch":0,"time/get_batch":0.35705995559692383,"clock_cycle:unique":5.261403e+06,"loss:sum":0.6003929544240236,"_step":34}