{"progress":0.9929577464788732,"_step":141,"chosen_reward":0.06169494241476059,"_wandb":{"runtime":2241},"_runtime":2241.482990167,"epoch":1,"time/evals":0.0005578994750976562,"time/infrequent_evals":0.000476837158203125,"state_path":"tinker://9c18562f-edbb-5600-865b-1ab8ec5bd1db:train:0/weights/000140","num_tokens":117776,"time/step":7.866059064865112,"clock_cycle:unique_1":2.854465e+06,"time/total":13.820960998535156,"margin":0.0036938875913619996,"_timestamp":1.7651055093672261e+09,"accuracy":0.6015625,"learning_rate":7.042253521126752e-08,"time/get_batch":0.2140822410583496,"num_pairs":128,"time/save_checkpoint":13.008831024169922,"dpo_loss":0.6829348206520081,"clock_cycle:unique":2.854464e+06,"loss:sum":0.5701821995899081,"rejected_reward":0.024756066501140594,"time/get_ref_logprobs":5.739134073257446}