{"clock_cycle:unique":5.261086e+06,"loss:sum":-6.198658626526594,"_runtime":665.086224959,"rejected_reward":0.012662842869758606,"_step":34,"_timestamp":1.765014436988191e+09,"_wandb":{"runtime":665},"epoch":0,"clock_cycle:unique_1":5.261087e+06,"margin":-0.0006957069505006075,"time/evals":0.0005228519439697266,"clock_cycle:unique_3":5.261088e+06,"num_pairs":256,"clock_cycle:unique_2":5.261087e+06,"time/save_checkpoint":14.933314085006714,"accuracy":0.4765625,"time/get_batch":0.41077208518981934,"num_tokens":203767,"dpo_loss":0.6990135908126831,"state_path":"tinker://bd4c323f-00e4-52dd-8538-ce22cd68f3ec:train:0/weights/000020","learning_rate":2.857142857142858e-08,"chosen_reward":0.005705774296075106,"time/infrequent_evals":0.00032210350036621094,"time/step":10.362937211990356,"time/get_ref_logprobs":7.403610944747925,"time/total":18.180275201797485,"progress":0.9714285714285714}