{"loss:sum":-0.49679873138666153,"time/evals":0.0004069805145263672,"margin":0.0018487008288502694,"time/total":38.53844499588013,"time/get_batch":0.45011281967163086,"num_tokens":211774,"clock_cycle:unique_2":2.863075e+06,"clock_cycle:unique_1":2.863074e+06,"_step":33,"time/get_ref_logprobs":7.163632869720459,"time/infrequent_evals":0.0002918243408203125,"progress":0.4714285714285714,"time/save_checkpoint":15.435683012008667,"num_pairs":256,"_wandb":{"runtime":1296},"accuracy":0.56640625,"time/step":30.922184944152832,"rejected_reward":0.1796884834766388,"dpo_loss":0.6956495642662048,"_timestamp":1.765133781247041e+09,"clock_cycle:unique":2.863073e+06,"chosen_reward":0.19817548990249634,"clock_cycle:unique_3":2.863076e+06,"learning_rate":1e-05,"state_path":"tinker://0888521f-6908-5961-8ef9-e57b5141ea0c:train:0/weights/000020","epoch":0,"_runtime":1296.451690708}