{"num_tokens":202156,"_runtime":3469.743322917,"state_path":"tinker://87533ffb-a22b-51e5-a83e-53b74cb1cd8e:train:0/weights/000060","_step":69,"clock_cycle:unique_2":3.91499e+06,"_wandb":{"runtime":3469},"dpo_loss":0.6529810428619385,"num_pairs":256,"epoch":1,"clock_cycle:unique_3":3.914991e+06,"time/get_ref_logprobs":10.039626121520996,"learning_rate":1e-05,"clock_cycle:unique":3.914987e+06,"clock_cycle:unique_1":3.914989e+06,"rejected_reward":-0.5694069266319275,"time/step":12.708987951278687,"time/evals":0.0008387565612792969,"loss:sum":0.8041778039187193,"time/save_checkpoint":13.830808877944946,"margin":0.015965534746646883,"time/total":23.10684108734131,"chosen_reward":-0.4097515940666199,"time/get_batch":0.35593080520629883,"progress":0.9857142857142858,"_timestamp":1.765136312749995e+09,"time/infrequent_evals":0.00022912025451660156,"accuracy":0.6171875}